band1,band2,score
1,2,0.4894892899133993
1,3,0.5061945758613157
1,4,0.527781772875245
1,5,0.5379261633427399
1,6,0.5323314944624868
1,7,0.4833124076768595
1,8,0.4017569783433764
1,9,0.3371913038311509
1,10,0.3283076696253988
1,11,0.3635537915019873
1,12,0.3858375144402245
1,13,0.4011873854053307
1,14,0.4419420621367229
1,15,0.48136074823757
1,16,0.5092202829047994
1,17,0.5290660525965513
1,18,0.532030502832313
1,19,0.5232341146202548
1,20,0.515216116066289
1,21,0.5085379105337388
1,22,0.4981112728082858
1,23,0.4825056964458292
1,24,0.4720225210586226
1,25,0.461998529557252
1,26,0.4493770937256166
1,27,0.4436403700283985
1,28,0.4403186200231713
1,29,0.4371884960657001
1,30,0.4322516347331312
1,31,0.4328859936384687
1,32,0.4284146368034672
1,33,0.3664647613933243
1,34,0.3544391247181917
1,35,0.3549943722784295
1,36,0.3568194041948277
1,37,0.3600340555127679
1,38,0.3621857733754776
1,39,0.363995765112288
1,40,0.3562167443562798
1,41,0.347363653101396
1,42,0.3432419180446183
1,43,0.343123807401354
1,44,0.3435435551051533
1,45,0.3478776386139613
1,46,0.3462390610328982
1,47,0.3448899224156782
1,48,0.3321288796563173
1,49,0.3295310159355155
1,50,0.326761794180313
1,51,0.3296645734933749
1,52,0.3310156840697151
1,53,0.3361789315065489
1,54,0.3357553274831656
1,55,0.3330780459605894
1,56,0.3278568539965818
1,57,0.3335340562851845
1,58,0.3218124109392257
1,59,0.3299266178231869
1,60,0.3331362692795134
1,61,0.3320625626377987
1,62,0.3294036338454962
1,63,0.3325652282719642
1,64,0.3372774522819373
1,65,0.3426392989437229
1,66,0.343238778628576
2,3,0.528391648243301
2,4,0.5334434065467878
2,5,0.5260652676571271
2,6,0.5141684674886968
2,7,0.4765405313751025
2,8,0.4621645320880679
2,9,0.4791850104828112
2,10,0.4814243297382026
2,11,0.4893311623240547
2,12,0.4851786552990862
2,13,0.4914383741124826
2,14,0.5076979500744061
2,15,0.5268941576701421
2,16,0.545278970805249
2,17,0.5521647875303962
2,18,0.5498361580245161
2,19,0.5450074781857797
2,20,0.5401020388739999
2,21,0.5344061463197323
2,22,0.5303014272044235
2,23,0.525378372931774
2,24,0.5194386839492826
2,25,0.5119909158280403
2,26,0.507711696615817
2,27,0.5051283023488822
2,28,0.5029974581444983
2,29,0.50313162240209
2,30,0.5008947071489256
2,31,0.5007307117028755
2,32,0.5010782386759391
2,33,0.4633179671169087
2,34,0.4552615574402739
2,35,0.4557379998632246
2,36,0.4576320668365834
2,37,0.4604173227458916
2,38,0.4639494803891985
2,39,0.4655680433376299
2,40,0.4607632266272005
2,41,0.4567161167360246
2,42,0.4419339050572481
2,43,0.442085613327143
2,44,0.4479782581925216
2,45,0.4538920876620701
2,46,0.4531206022050802
2,47,0.4380813328169892
2,48,0.4193527153102672
2,49,0.4174960631262104
2,50,0.4185125924824772
2,51,0.4227862713950485
2,52,0.4267957879334367
2,53,0.4384841298983718
2,54,0.4412838859896929
2,55,0.4354274832867141
2,56,0.4237040875158281
2,57,0.424490227717441
2,58,0.4219721676623745
2,59,0.435855864569741
2,60,0.437951345194437
2,61,0.434124165781113
2,62,0.4302245958460218
2,63,0.4308990077837257
2,64,0.4334253523787206
2,65,0.4417298973892907
2,66,0.4387918365222933
3,4,0.5340861947148712
3,5,0.5240738915901771
3,6,0.5106775251395927
3,7,0.4940642133978512
3,8,0.5087200299259704
3,9,0.503072623251754
3,10,0.5019265938891901
3,11,0.503442298194432
3,12,0.5020283253558582
3,13,0.5081447620555062
3,14,0.5201596397002652
3,15,0.5374485032372556
3,16,0.5497268575652814
3,17,0.5566220791625314
3,18,0.5543583644402392
3,19,0.5488529230773366
3,20,0.5420862705897409
3,21,0.5390172045033483
3,22,0.535860684617655
3,23,0.5299239283743422
3,24,0.5261712163947827
3,25,0.5209044965069598
3,26,0.5179572618761918
3,27,0.5162730478263584
3,28,0.5155692024275524
3,29,0.5151489245547605
3,30,0.5133396483014301
3,31,0.5132801847136665
3,32,0.5126138102555744
3,33,0.478152734580557
3,34,0.4713266652497971
3,35,0.4727559286345189
3,36,0.476315553694828
3,37,0.4779972568304202
3,38,0.4798764405151491
3,39,0.4819477633985251
3,40,0.4784594384453896
3,41,0.4747586550414099
3,42,0.4640021741765501
3,43,0.4624975504364352
3,44,0.4640141535713834
3,45,0.4700340929051285
3,46,0.4687766824175906
3,47,0.4591633450306164
3,48,0.4472149563533354
3,49,0.4412025136654629
3,50,0.4414252181564979
3,51,0.4446023409871283
3,52,0.4516018040828558
3,53,0.4566199743463774
3,54,0.4615974416997767
3,55,0.4584903927090865
3,56,0.4471008927984908
3,57,0.4453399959074678
3,58,0.4430286101317224
3,59,0.4576153731265016
3,60,0.456644323473904
3,61,0.4514415251009631
3,62,0.4440452163117636
3,63,0.4498298961092063
3,64,0.4516815959488111
3,65,0.4570481581130037
3,66,0.453060608209111
4,5,0.5244747774729168
4,6,0.50291727595173
4,7,0.5032946384326895
4,8,0.5009482163639164
4,9,0.5005597417696879
4,10,0.50540880006563
4,11,0.5138443385204543
4,12,0.5208405429581598
4,13,0.5299502441387403
4,14,0.5449011394613754
4,15,0.5638774004460247
4,16,0.57458884128598
4,17,0.5727835555009246
4,18,0.5695732342949149
4,19,0.5612264579830187
4,20,0.5562155171496219
4,21,0.5507244277723209
4,22,0.5461839209221928
4,23,0.540883694895163
4,24,0.535620924913861
4,25,0.5294599634355158
4,26,0.5271580286699296
4,27,0.5261063665585388
4,28,0.5238766781937254
4,29,0.5227972707849882
4,30,0.5225014296734156
4,31,0.5240318213121306
4,32,0.5234628820734983
4,33,0.4899716444966653
4,34,0.4808187050913558
4,35,0.4818840229827668
4,36,0.4848554625273324
4,37,0.4845651037243101
4,38,0.4856737756588968
4,39,0.4873023983099099
4,40,0.4832436735377567
4,41,0.4816677894073561
4,42,0.4736973567923822
4,43,0.4721897128263876
4,44,0.4765147478068863
4,45,0.4800275642778302
4,46,0.4780860364956932
4,47,0.4697680601795548
4,48,0.4546890533965462
4,49,0.4523431062701079
4,50,0.4532709062234822
4,51,0.4547650178729822
4,52,0.4556685556281777
4,53,0.4644149782749944
4,54,0.4640784550691623
4,55,0.4614282679302988
4,56,0.4530907957470138
4,57,0.4580152593999125
4,58,0.4515888600998079
4,59,0.4545693153876445
4,60,0.4630317656183937
4,61,0.4502199223092207
4,62,0.4522930560345116
4,63,0.4576670676369108
4,64,0.4590837542380594
4,65,0.4592287709814631
4,66,0.4579639064599122
5,6,0.4888092671228444
5,7,0.4853556011963362
5,8,0.4943935926775629
5,9,0.5093901883149691
5,10,0.5335556350512219
5,11,0.5513356322827565
5,12,0.5651964755625638
5,13,0.5809598621798484
5,14,0.5997229789580123
5,15,0.6225848488162128
5,16,0.6260275464661209
5,17,0.6217052793005209
5,18,0.6139885951210771
5,19,0.6027301645890387
5,20,0.5951247298204698
5,21,0.5851039438705865
5,22,0.579066262102836
5,23,0.5709190789615607
5,24,0.5636983318324391
5,25,0.5530145688744232
5,26,0.5505214291260538
5,27,0.5497565578151382
5,28,0.5442493935273791
5,29,0.5413902254507335
5,30,0.5393222179317156
5,31,0.5416230575521933
5,32,0.5429407946823765
5,33,0.5161990594316617
5,34,0.5087063123779394
5,35,0.5086357321692857
5,36,0.5078969000294244
5,37,0.5076012535238688
5,38,0.5114928880917993
5,39,0.5092687949625284
5,40,0.5005334698229049
5,41,0.4957811920601754
5,42,0.4873721772348149
5,43,0.4873908525326939
5,44,0.4890613011143127
5,45,0.4908111515647346
5,46,0.4916175885419808
5,47,0.4849113448659121
5,48,0.4639458844551211
5,49,0.4592063175062749
5,50,0.4649195397970056
5,51,0.467287163085452
5,52,0.4613899599879496
5,53,0.4627526594940466
5,54,0.4635703115464932
5,55,0.4628443777552293
5,56,0.4574595562002983
5,57,0.4672009320433991
5,58,0.4591690410936773
5,59,0.4565647244056392
5,60,0.4630040611429762
5,61,0.4605404052406988
5,62,0.4559859968158565
5,63,0.4604706953613821
5,64,0.4605903543365072
5,65,0.4615322598810758
5,66,0.4641319138078696
6,7,0.4644985743402366
6,8,0.5479524272608638
6,9,0.5980601900282803
6,10,0.6227085706804452
6,11,0.643395569605762
6,12,0.6680670059184364
6,13,0.6833803651605906
6,14,0.6974666340465361
6,15,0.6981909436531784
6,16,0.6892938811284803
6,17,0.6802357476891034
6,18,0.6655986962084726
6,19,0.6550395222764354
6,20,0.6390550835237687
6,21,0.6230246903012258
6,22,0.6037065376093138
6,23,0.5956722142405733
6,24,0.5860593029560958
6,25,0.5778799263507964
6,26,0.5691707724075531
6,27,0.5647625030688559
6,28,0.5558910358626022
6,29,0.5525398654158737
6,30,0.5491966723738586
6,31,0.5460324887358841
6,32,0.5518793124403643
6,33,0.5242300118085321
6,34,0.5137116962728818
6,35,0.512326817244178
6,36,0.5106361390795335
6,37,0.5095606398668916
6,38,0.5105435480427106
6,39,0.5095369617590118
6,40,0.5051597801988281
6,41,0.5015133856108409
6,42,0.4912680039455399
6,43,0.4900808753174713
6,44,0.4935730764839463
6,45,0.4956318526689204
6,46,0.4971647880813969
6,47,0.4871231164564967
6,48,0.4674637348865539
6,49,0.4637597441978082
6,50,0.4689013440112385
6,51,0.4689034373064041
6,52,0.4605587030363459
6,53,0.4602687129755859
6,54,0.4599383808575438
6,55,0.4573969426127038
6,56,0.4564570708693687
6,57,0.4640168440445086
6,58,0.4552388109745507
6,59,0.4537076945607541
6,60,0.4575530738932014
6,61,0.4550026832034889
6,62,0.4574661840800265
6,63,0.4576291253523833
6,64,0.4606323726032528
6,65,0.4631549143145848
6,66,0.4673236741519545
7,8,0.6003717730620342
7,9,0.625995616931811
7,10,0.6488519219975313
7,11,0.6775232403827551
7,12,0.6936228657798701
7,13,0.7023390306116356
7,14,0.7048719107577842
7,15,0.7019257594994954
7,16,0.6923833583303065
7,17,0.6801896268669538
7,18,0.6664889066349148
7,19,0.6494520403239734
7,20,0.632522774219035
7,21,0.615388433814023
7,22,0.6018820230555353
7,23,0.589252136399543
7,24,0.5756060033518473
7,25,0.561583469632138
7,26,0.5510586806196403
7,27,0.5375908524714135
7,28,0.5298104759055977
7,29,0.5242721108284171
7,30,0.5189232115199978
7,31,0.5181646482619087
7,32,0.5177920584445825
7,33,0.4914998898720378
7,34,0.4828718451736964
7,35,0.4782872414839909
7,36,0.4752748194385956
7,37,0.4727985396428165
7,38,0.4737685907427255
7,39,0.4688323436623407
7,40,0.465783975545885
7,41,0.4572968537625562
7,42,0.4474925014625177
7,43,0.4473090018599093
7,44,0.4495408301009581
7,45,0.4508101462546657
7,46,0.4535320211404606
7,47,0.454487214340513
7,48,0.4361848170174796
7,49,0.4306210690572621
7,50,0.4383986600170648
7,51,0.434901722911121
7,52,0.4242429158615511
7,53,0.4227280195955097
7,54,0.4220238924442276
7,55,0.4216909214998102
7,56,0.424084108999742
7,57,0.4293348109751091
7,58,0.4223695619884836
7,59,0.4231369047949351
7,60,0.4267766267023772
7,61,0.4253122869008146
7,62,0.4262213271699023
7,63,0.4274050068536564
7,64,0.429486555442493
7,65,0.4340400066168424
7,66,0.4404796744630731
8,9,0.5837891444497538
8,10,0.6168429729372216
8,11,0.6466552542062383
8,12,0.6737845747331923
8,13,0.6858429611013259
8,14,0.6871012686358309
8,15,0.6821686044124562
8,16,0.673247451496329
8,17,0.6608527545409488
8,18,0.6443280178597639
8,19,0.6272075039042073
8,20,0.6140678593084258
8,21,0.5955362018044682
8,22,0.5795679158123832
8,23,0.5624923054602067
8,24,0.5390324326448008
8,25,0.5270595748196367
8,26,0.5065508293769688
8,27,0.4984346453788402
8,28,0.486889139193746
8,29,0.4804278410609935
8,30,0.4715333681093033
8,31,0.4666035078979473
8,32,0.4710288928666932
8,33,0.4297167934881176
8,34,0.4208746375305244
8,35,0.4177949176200326
8,36,0.4150642891748505
8,37,0.4087414928121817
8,38,0.4081190659840558
8,39,0.4089325120838997
8,40,0.4045063124017866
8,41,0.3917767046141829
8,42,0.3844673007825615
8,43,0.3841338231224929
8,44,0.3871168615436284
8,45,0.3889757135418586
8,46,0.39099213571231
8,47,0.3918711399926039
8,48,0.3759330316719417
8,49,0.3703319425659567
8,50,0.3729049301230068
8,51,0.3695738623814677
8,52,0.3600221042948363
8,53,0.3619066911768417
8,54,0.3614116134814582
8,55,0.3615857333425555
8,56,0.3627942054715539
8,57,0.3666924989640262
8,58,0.3624906223321851
8,59,0.3674872691537569
8,60,0.3744747500037172
8,61,0.3739224464311051
8,62,0.3689806930159802
8,63,0.3692599077388199
8,64,0.3715603438079889
8,65,0.3794766807440798
8,66,0.3850674428719627
9,10,0.5969097689079945
9,11,0.6121507227997195
9,12,0.6358391653170419
9,13,0.6613928402285065
9,14,0.6660855791646652
9,15,0.6584924114122537
9,16,0.6483758860968115
9,17,0.6339605939083492
9,18,0.6169266837849038
9,19,0.5981226284475767
9,20,0.5776549605324102
9,21,0.5578204078407878
9,22,0.5380167042057854
9,23,0.5218502848917645
9,24,0.5036593558011413
9,25,0.4814869050314971
9,26,0.464396683877405
9,27,0.4422878811050525
9,28,0.4283182168500712
9,29,0.4189318098685202
9,30,0.4068867151747969
9,31,0.4026833175125378
9,32,0.4077930011756215
9,33,0.3586277859972151
9,34,0.3453730350019919
9,35,0.3428517348054871
9,36,0.3408040169534386
9,37,0.3368676060321492
9,38,0.3372390391372525
9,39,0.3358439733369996
9,40,0.332621591622968
9,41,0.3241918612451712
9,42,0.3154838655569579
9,43,0.3136297488741559
9,44,0.3161418353215881
9,45,0.3177721357177738
9,46,0.3193925552429278
9,47,0.3194764716989164
9,48,0.3161278982530002
9,49,0.3106952829597741
9,50,0.3091320054746747
9,51,0.3071549498585458
9,52,0.3034915512250768
9,53,0.3075787027526362
9,54,0.3111543971100167
9,55,0.311592637981085
9,56,0.3078795007050823
9,57,0.3059082294952434
9,58,0.3065191934129808
9,59,0.3187684135606412
9,60,0.3261311306814676
9,61,0.3235115770539195
9,62,0.3206786605327948
9,63,0.3198568004941305
9,64,0.3227720115001381
9,65,0.3311469312426679
9,66,0.3363081499068137
10,11,0.5775898023134536
10,12,0.5725252737302722
10,13,0.5948907904633765
10,14,0.6212359042127178
10,15,0.6229183253039254
10,16,0.6131594400375779
10,17,0.5960681934867846
10,18,0.5752430735054651
10,19,0.5498701788481986
10,20,0.5230859437491497
10,21,0.5042802134604886
10,22,0.4858083887105739
10,23,0.4654813644628828
10,24,0.4460949188259634
10,25,0.4247212312426011
10,26,0.4054264201158797
10,27,0.3852013387527304
10,28,0.3657542048211721
10,29,0.3556986296379403
10,30,0.3378643492970766
10,31,0.3242331059224852
10,32,0.3269211463469247
10,33,0.2695018088621392
10,34,0.261824933458212
10,35,0.2594559941712842
10,36,0.2605445142901361
10,37,0.258436097004477
10,38,0.2588913528182283
10,39,0.2577013223139258
10,40,0.2537356668902454
10,41,0.250758917494563
10,42,0.2486269421071884
10,43,0.2492858394613498
10,44,0.2475259326607
10,45,0.2479821266249967
10,46,0.2505085506257754
10,47,0.2523102706700741
10,48,0.2612735420057085
10,49,0.2558850971901512
10,50,0.2529330375589342
10,51,0.2507554456319569
10,52,0.2540827475680165
10,53,0.2612238053576622
10,54,0.2646087939592424
10,55,0.2654950359068757
10,56,0.2596722847699843
10,57,0.2504890665014906
10,58,0.2571642363774572
10,59,0.2744793854170301
10,60,0.284919104565679
10,61,0.2797533847489923
10,62,0.2745415208526628
10,63,0.2712717515993832
10,64,0.2754260634653028
10,65,0.2886281362646609
10,66,0.2948180818258825
11,12,0.5270376285645895
11,13,0.5114125287787995
11,14,0.5345264162081385
11,15,0.5630801034296324
11,16,0.5617047031616864
11,17,0.5460656940540303
11,18,0.5165344772635204
11,19,0.4926656077046375
11,20,0.4624964785213616
11,21,0.4397951207190308
11,22,0.4217620490497181
11,23,0.4014146250237101
11,24,0.370309356504355
11,25,0.3408997406991856
11,26,0.3223086929793103
11,27,0.3063616754382082
11,28,0.2884953164715795
11,29,0.2794669433574688
11,30,0.2556370724118948
11,31,0.2475761761080357
11,32,0.2470244374706489
11,33,0.2110115163221418
11,34,0.2058288297998283
11,35,0.2061994845759971
11,36,0.2054142159051205
11,37,0.2062498300261098
11,38,0.2060953307637416
11,39,0.2068875962540523
11,40,0.2053286251574053
11,41,0.2030984387617519
11,42,0.2028826213137818
11,43,0.2019947844170814
11,44,0.20247136365412
11,45,0.2023151526221738
11,46,0.2028179171397411
11,47,0.2063903637489159
11,48,0.2166490162586949
11,49,0.2145648963453805
11,50,0.2085977826985707
11,51,0.2088137256753571
11,52,0.2134932285020085
11,53,0.2178993395467637
11,54,0.221208646002943
11,55,0.2221684106279419
11,56,0.2149898846437837
11,57,0.2100635006298323
11,58,0.2135848610874964
11,59,0.2345576333444348
11,60,0.2472647465678247
11,61,0.2411960895932263
11,62,0.2334060221772058
11,63,0.2297968838707288
11,64,0.2358099794672961
11,65,0.2478897996477287
11,66,0.2574075836209512
12,13,0.4545583341930788
12,14,0.436654718611134
12,15,0.4691409403555479
12,16,0.4864748537795158
12,17,0.4847709511348773
12,18,0.4569175540988067
12,19,0.4280882957257554
12,20,0.3944667348109102
12,21,0.3685964607854058
12,22,0.3472113279617743
12,23,0.3250477873482637
12,24,0.2887912002116261
12,25,0.2484697476920049
12,26,0.2329704177843937
12,27,0.2201563707039914
12,28,0.2103808753657116
12,29,0.20612722577487
12,30,0.202189633507555
12,31,0.196352483914018
12,32,0.1899202406627247
12,33,0.1698039905068167
12,34,0.1668949662581376
12,35,0.1677497674469977
12,36,0.1675715469866566
12,37,0.1661086524845711
12,38,0.1675113472160659
12,39,0.1671596866537301
12,40,0.1672185106114493
12,41,0.1663282227649247
12,42,0.1674260942922226
12,43,0.1644181650397775
12,44,0.1648230444226744
12,45,0.165485480625485
12,46,0.1653363811211462
12,47,0.1695474065747853
12,48,0.1802613559715001
12,49,0.1779475431493352
12,50,0.173043926308645
12,51,0.172806861326482
12,52,0.1805217582583477
12,53,0.1872317160844646
12,54,0.1915134269547247
12,55,0.1922442560086175
12,56,0.1849267169402754
12,57,0.1757276596671371
12,58,0.1843970001853251
12,59,0.2067321303870829
12,60,0.2187483168237237
12,61,0.2121739114785007
12,62,0.2027419789010049
12,63,0.2025334841842113
12,64,0.2051375011459221
12,65,0.2173860586505971
12,66,0.2239427361805547
13,14,0.4172574242710954
13,15,0.3862703737462282
13,16,0.3875978178273981
13,17,0.3836969397587848
13,18,0.3598998495432161
13,19,0.3327399255512653
13,20,0.3150841923425946
13,21,0.2767113998488103
13,22,0.2416023726585761
13,23,0.2126699431200759
13,24,0.1912884202490749
13,25,0.1771081905566193
13,26,0.1713970478347865
13,27,0.1717255822369056
13,28,0.1673164846158509
13,29,0.1659540891540696
13,30,0.1621334856378449
13,31,0.1620508558042237
13,32,0.1562926537838334
13,33,0.1413224514204746
13,34,0.1407183649631964
13,35,0.1424488051833461
13,36,0.1428534190457474
13,37,0.1401281867880092
13,38,0.1390996298144305
13,39,0.1404334279739584
13,40,0.1389904971109505
13,41,0.1403288202691235
13,42,0.140564224612442
13,43,0.1406517452576644
13,44,0.1394910223646251
13,45,0.1395671393668641
13,46,0.1401406356278777
13,47,0.1414532940176793
13,48,0.1519824011629659
13,49,0.1516119805759391
13,50,0.1485851974359575
13,51,0.1452251550779277
13,52,0.1503966115872461
13,53,0.157419082636634
13,54,0.1618912684089539
13,55,0.1650464006605736
13,56,0.1551351916590038
13,57,0.1476230911680329
13,58,0.1569267830170924
13,59,0.1752623818623813
13,60,0.1858348773249963
13,61,0.1802849835398213
13,62,0.1733860403225654
13,63,0.1702449100907589
13,64,0.1727278683451402
13,65,0.1834916106908397
13,66,0.1906597905363354
14,15,0.3814717109301302
14,16,0.3425245192909117
14,17,0.2930825809707535
14,18,0.2336979215804927
14,19,0.2094421916832254
14,20,0.1914225006586499
14,21,0.1709160148076319
14,22,0.1582477686838111
14,23,0.1492490191436269
14,24,0.1437780370162867
14,25,0.1387244681492943
14,26,0.1365224064104323
14,27,0.1344811219242697
14,28,0.1334863039675935
14,29,0.1322483688810507
14,30,0.1302587415996012
14,31,0.1312375433984677
14,32,0.1292545759955157
14,33,0.1196482117607378
14,34,0.1176986355476356
14,35,0.1189479631785216
14,36,0.1173932963131386
14,37,0.1169791200180705
14,38,0.1160326285583274
14,39,0.114644000991736
14,40,0.1145402606664385
14,41,0.1159087290412562
14,42,0.1167983587200665
14,43,0.1162652295846028
14,44,0.1165773990867035
14,45,0.1164498643958248
14,46,0.1177517365781247
14,47,0.1191006362929973
14,48,0.1302041358088027
14,49,0.1269787930603199
14,50,0.1252055125402804
14,51,0.1227931020268049
14,52,0.1276759014776812
14,53,0.1314272552610393
14,54,0.1372446329091173
14,55,0.1373454248929604
14,56,0.1295646150400158
14,57,0.1247321419714274
14,58,0.1301599390989689
14,59,0.1463386335699538
14,60,0.1538304046039709
14,61,0.150031037762493
14,62,0.1443640227710347
14,63,0.1405060991569029
14,64,0.1446299466524662
14,65,0.1536507642621303
14,66,0.1602584489210239
15,16,0.3045830045507807
15,17,0.224649242607629
15,18,0.1651310302650179
15,19,0.1321860350113193
15,20,0.1242220472525463
15,21,0.1202796193492165
15,22,0.1131309832458187
15,23,0.1093156250401973
15,24,0.1077032745597184
15,25,0.1056160042247204
15,26,0.1042071895861663
15,27,0.105284182695918
15,28,0.1041594807147956
15,29,0.1037207380197061
15,30,0.1057128458451834
15,31,0.1055470987531754
15,32,0.1058098433984016
15,33,0.0942493823260505
15,34,0.0923594031814668
15,35,0.093263953862972
15,36,0.0933403334692291
15,37,0.0929905908640835
15,38,0.0929689894328846
15,39,0.0936470460740097
15,40,0.0934724774381402
15,41,0.0948550802277624
15,42,0.0958634047359393
15,43,0.0962294339192777
15,44,0.0953781764597502
15,45,0.0961400485359492
15,46,0.0965548305862956
15,47,0.098921921321843
15,48,0.1034301074709346
15,49,0.1036929052979803
15,50,0.1023029179278819
15,51,0.1026604184507512
15,52,0.1062291860974661
15,53,0.1130723012722095
15,54,0.1148883919525214
15,55,0.1165121043067088
15,56,0.1055940005909414
15,57,0.1012681063295531
15,58,0.1059481211231684
15,59,0.1242864463149346
15,60,0.1318476756181305
15,61,0.1260508383241222
15,62,0.1189594752114142
15,63,0.1144869509438506
15,64,0.1187398402019767
15,65,0.128963880194501
15,66,0.1323971804075064
16,17,0.1650824656308301
16,18,0.1194572278703955
16,19,0.0974792726566154
16,20,0.0916981054463719
16,21,0.090139579406021
16,22,0.0877414608122065
16,23,0.0858360426767114
16,24,0.0823694252009864
16,25,0.0821588013347636
16,26,0.0814283747216016
16,27,0.0832943982483331
16,28,0.0838960724904341
16,29,0.0832225775218241
16,30,0.0838441606149507
16,31,0.0854454700150235
16,32,0.0859571730540745
16,33,0.0738954568995187
16,34,0.0744182003681921
16,35,0.0742349457971258
16,36,0.0749172247490578
16,37,0.0761312734176195
16,38,0.0757927648828341
16,39,0.0768715673050245
16,40,0.0766313795471929
16,41,0.0775460199026777
16,42,0.0783864176030181
16,43,0.0793303794075857
16,44,0.0779834967342381
16,45,0.0788100964317636
16,46,0.0796432523410231
16,47,0.0786769479862653
16,48,0.0870206165914951
16,49,0.0855531004945059
16,50,0.0837407276160856
16,51,0.0823332658670669
16,52,0.0916328616684472
16,53,0.0974539175897787
16,54,0.1005352414101689
16,55,0.1012836824068931
16,56,0.0906968256260587
16,57,0.0819300198155209
16,58,0.089321460409663
16,59,0.1067407798699435
16,60,0.1157593773318607
16,61,0.1064546756142994
16,62,0.1001963114184956
16,63,0.0976152118584666
16,64,0.0998513960614524
16,65,0.1055776097778512
16,66,0.1105901532346634
17,18,0.0893674227067249
17,19,0.0670672107295654
17,20,0.0626749109551479
17,21,0.063531430227926
17,22,0.0622569818094285
17,23,0.0597383702890409
17,24,0.0607365943853628
17,25,0.0583553138651988
17,26,0.0585259549460402
17,27,0.0595115217601127
17,28,0.0630396158075334
17,29,0.0637179794676919
17,30,0.0647550461820054
17,31,0.068222267991816
17,32,0.0699926547638627
17,33,0.059380312312833
17,34,0.0604315002731673
17,35,0.0609075301933529
17,36,0.0614764164295423
17,37,0.0613461712081475
17,38,0.0628585925982891
17,39,0.0623111393380501
17,40,0.0641815976454335
17,41,0.0653105180167591
17,42,0.0673149738237141
17,43,0.0656201043398334
17,44,0.0651757100269002
17,45,0.0655053637995289
17,46,0.0654289346896973
17,47,0.0639022666776791
17,48,0.0711730111184459
17,49,0.0708649429548158
17,50,0.0677576280799979
17,51,0.0692895442539183
17,52,0.0782178193544899
17,53,0.0863990853732669
17,54,0.0912929705456728
17,55,0.0885407690004962
17,56,0.0769516075578645
17,57,0.0705462856580575
17,58,0.0777005465307721
17,59,0.0943157146095845
17,60,0.1016125475045661
17,61,0.0913591029667072
17,62,0.0861729462118545
17,63,0.0834897098610305
17,64,0.0851850104591135
17,65,0.0896269469815769
17,66,0.0934902787103184
18,19,0.051025365546251
18,20,0.0484804332206735
18,21,0.0490934685643645
18,22,0.0476952125194578
18,23,0.0450194242107216
18,24,0.0436450735268898
18,25,0.0430249010223459
18,26,0.0437016118554233
18,27,0.0455354225506396
18,28,0.0473186058505552
18,29,0.0484105001235205
18,30,0.0514457459057451
18,31,0.0543045389998406
18,32,0.0551466779224839
18,33,0.0432108222263012
18,34,0.0456341864463829
18,35,0.0472118567551874
18,36,0.0474364615239405
18,37,0.0484494288381239
18,38,0.0490049399593348
18,39,0.049582414404092
18,40,0.0493653429693167
18,41,0.0531327678545177
18,42,0.0533540114310817
18,43,0.054114075453733
18,44,0.0551345486914687
18,45,0.056635958288064
18,46,0.0566204727765952
18,47,0.0537792601583161
18,48,0.0608656547888584
18,49,0.0607384384610119
18,50,0.0600832551102071
18,51,0.0617695624374848
18,52,0.0704004521089605
18,53,0.078845621033621
18,54,0.0839786677278943
18,55,0.0825383055415288
18,56,0.0694725507680648
18,57,0.0622449831243892
18,58,0.0690029751272263
18,59,0.0850952592871763
18,60,0.0937737697945377
18,61,0.0821137409291291
18,62,0.0753009863326525
18,63,0.0721595704328775
18,64,0.0744798061553996
18,65,0.0795263667221465
18,66,0.0792314629043017
19,20,0.0447864426713637
19,21,0.0412153604974788
19,22,0.0391740177107604
19,23,0.0352683184785489
19,24,0.0349195119675533
19,25,0.0346504632484923
19,26,0.035867636275832
19,27,0.0370719950525263
19,28,0.0399587304775483
19,29,0.0399791471021786
19,30,0.0413343410281543
19,31,0.043462626083768
19,32,0.0456201884578564
19,33,0.0387341311267771
19,34,0.0390443461809495
19,35,0.040328813339959
19,36,0.0419961138464937
19,37,0.0419116926656553
19,38,0.041587849458495
19,39,0.0413326975217673
19,40,0.0430648590104991
19,41,0.044289121065285
19,42,0.0457949303766791
19,43,0.0461297342748281
19,44,0.0467407380692999
19,45,0.0465786771982488
19,46,0.045184035870515
19,47,0.0443691147290558
19,48,0.0516783133770386
19,49,0.0506257005495048
19,50,0.0499049111888784
19,51,0.052819976839776
19,52,0.0630990909529953
19,53,0.0732235206812748
19,54,0.0797896998944783
19,55,0.0771507196647273
19,56,0.063208945576522
19,57,0.0555047943706077
19,58,0.0605946147845822
19,59,0.0778559009535019
19,60,0.0880109046095154
19,61,0.0753024229427378
19,62,0.0664670550196243
19,63,0.062972180662395
19,64,0.0652627930863987
19,65,0.0675065457246874
19,66,0.0685844169290726
20,21,0.0363576283780078
20,22,0.032226138260161
20,23,0.0281302067144589
20,24,0.0277780838572526
20,25,0.0273774804258483
20,26,0.0293154281437532
20,27,0.0314938540042377
20,28,0.0334912647465496
20,29,0.0346044005662051
20,30,0.0359524192240253
20,31,0.0374644993818055
20,32,0.0374147023349417
20,33,0.0330996347608232
20,34,0.0340554662677285
20,35,0.0350892721951351
20,36,0.0358741963306803
20,37,0.0370619759831
20,38,0.0375675824290495
20,39,0.0397772505565562
20,40,0.0403158009138263
20,41,0.040623704036344
20,42,0.0418764068433662
20,43,0.0421144765849039
20,44,0.0410966687451579
20,45,0.0408644002451441
20,46,0.0405569783329833
20,47,0.0393228163194455
20,48,0.0448012397755295
20,49,0.0446117240023136
20,50,0.0428340572930305
20,51,0.0460557452952827
20,52,0.0599385277194862
20,53,0.0728813689429142
20,54,0.0795271712139396
20,55,0.075151245207957
20,56,0.0570269596730461
20,57,0.0481715308380258
20,58,0.0535154197173503
20,59,0.0747974871631038
20,60,0.0868918217714429
20,61,0.0694773039046159
20,62,0.0592689227810188
20,63,0.0565485994144905
20,64,0.0573319870408515
20,65,0.0618193040766992
20,66,0.0607780886816553
21,22,0.0271209177562007
21,23,0.0236817760047184
21,24,0.0208555442745543
21,25,0.0217700194634417
21,26,0.0236084724300882
21,27,0.0249638915671231
21,28,0.0272583590907633
21,29,0.0291964725285209
21,30,0.0309222384478119
21,31,0.0318129164635302
21,32,0.0326294098024024
21,33,0.0281219144836605
21,34,0.0308036292175079
21,35,0.0315131456948862
21,36,0.0318036651413666
21,37,0.0329771347420955
21,38,0.0334831517103824
21,39,0.0339522519626588
21,40,0.0368962189155366
21,41,0.0360652120442008
21,42,0.0380686263668013
21,43,0.0391514122642848
21,44,0.0376958384360122
21,45,0.0369140349074538
21,46,0.0349199631169554
21,47,0.0347471637102736
21,48,0.036885456431658
21,49,0.0369860158840986
21,50,0.0367025928110308
21,51,0.0398438301343753
21,52,0.0547971128897484
21,53,0.0712063259108355
21,54,0.0806824157685603
21,55,0.0751852097898292
21,56,0.0513395677204582
21,57,0.0412315250281085
21,58,0.0478054428644156
21,59,0.0702009910991958
21,60,0.0879276655653948
21,61,0.0635312665165145
21,62,0.0516905787585715
21,63,0.0483989992138216
21,64,0.0500376771251925
21,65,0.0533413331059331
21,66,0.0529955207382077
22,23,0.0195315697353679
22,24,0.0182122679936455
22,25,0.0154080644732937
22,26,0.0164221055928319
22,27,0.019873011207193
22,28,0.0224094809853857
22,29,0.0254924777249612
22,30,0.0257148221164753
22,31,0.0282350212214012
22,32,0.0291346847736256
22,33,0.0235722070450048
22,34,0.0265547871881379
22,35,0.0276758962215115
22,36,0.0280967086575401
22,37,0.0298533885808419
22,38,0.0314250873203321
22,39,0.0319666395928892
22,40,0.0313725889088488
22,41,0.0322073607802615
22,42,0.0333802963457194
22,43,0.0330992567503051
22,44,0.0335020409515415
22,45,0.033431531559608
22,46,0.0338729737604633
22,47,0.0327604415498391
22,48,0.0334909415321725
22,49,0.0326044993022741
22,50,0.033010817902169
22,51,0.0352135142867379
22,52,0.0526373156330906
22,53,0.0751605070855984
22,54,0.0915973394940556
22,55,0.0797373477866112
22,56,0.0463960853291911
22,57,0.0363273917836682
22,58,0.0413711783298664
22,59,0.0744779929252715
22,60,0.0919868351277412
22,61,0.058594926928845
22,62,0.0466032412721337
22,63,0.0441105249825515
22,64,0.0437814460821698
22,65,0.0479805971688792
22,66,0.0486594305259499
23,24,0.0159120893761445
23,25,0.0153288547444369
23,26,0.0152444541005993
23,27,0.0156540475574058
23,28,0.0181215438074289
23,29,0.020683132775619
23,30,0.0227456807651472
23,31,0.0251966875276209
23,32,0.0274854374117834
23,33,0.0206500833104423
23,34,0.0242984973486167
23,35,0.0266347200756654
23,36,0.0262765268266068
23,37,0.028503891600064
23,38,0.0284163392049637
23,39,0.0290213426605281
23,40,0.0284276158154686
23,41,0.0299409072719851
23,42,0.0327531665005993
23,43,0.0330293486405761
23,44,0.031116472117896
23,45,0.0302410695069159
23,46,0.0310004036216954
23,47,0.0292080694026455
23,48,0.0289332221820987
23,49,0.0304270878835604
23,50,0.0288687072692832
23,51,0.0342339726268997
23,52,0.0535478789181217
23,53,0.0910172238230125
23,54,0.1150600876866572
23,55,0.0911087295268059
23,56,0.0426167408704984
23,57,0.0333549320722112
23,58,0.037887674861037
23,59,0.0784202320851422
23,60,0.0997725982487995
23,61,0.0552027501438279
23,62,0.0436393870093374
23,63,0.04016153693736
23,64,0.0407877008332394
23,65,0.0451635823790506
23,66,0.0439522109176587
24,25,0.013117220745859
24,26,0.0139041937232797
24,27,0.0148151565737409
24,28,0.0161437299699529
24,29,0.0187498651773093
24,30,0.0205343318088014
24,31,0.024138130211157
24,32,0.0274307096511303
24,33,0.0195745252866559
24,34,0.0244214159511475
24,35,0.0264145949681823
24,36,0.0248235885649926
24,37,0.0248746889769436
24,38,0.0257612361170734
24,39,0.0276098236109375
24,40,0.0276238834058372
24,41,0.0286579899789503
24,42,0.0320761766003607
24,43,0.0314400367469595
24,44,0.0293055633965311
24,45,0.0300629255315266
24,46,0.0289430660216446
24,47,0.0270948495713951
24,48,0.0268944802999561
24,49,0.0290588086811099
24,50,0.0259158372954451
24,51,0.0308405115300262
24,52,0.0575933493677649
24,53,0.1082248364453706
24,54,0.1351234113302442
24,55,0.1101517824654172
24,56,0.0402227626401514
24,57,0.0309422334625771
24,58,0.033954603251642
24,59,0.0853972264423392
24,60,0.1085401856630514
24,61,0.051351889311179
24,62,0.0415611907558646
24,63,0.0353259903488712
24,64,0.0393891666651157
24,65,0.0442740641429364
24,66,0.039984708906135
25,26,0.0143965896737234
25,27,0.0169101483774857
25,28,0.0160375800755708
25,29,0.0181535440461997
25,30,0.0212003068310884
25,31,0.0238129460702679
25,32,0.0288126282244404
25,33,0.0180692592637445
25,34,0.0231803914515923
25,35,0.0250638789690377
25,36,0.0234669607461115
25,37,0.0239685705404908
25,38,0.0240793331834092
25,39,0.0257122356143288
25,40,0.02629660675107
25,41,0.0281725733658549
25,42,0.0315822152743184
25,43,0.0312451436926748
25,44,0.0297373691439813
25,45,0.0280688857287627
25,46,0.0282325028224821
25,47,0.0261699332882914
25,48,0.0261622583789896
25,49,0.0259202041719465
25,50,0.0245248837942885
25,51,0.0289215415346196
25,52,0.0551072583445531
25,53,0.1272838878149802
25,54,0.155801014721589
25,55,0.1182009050778036
25,56,0.0372089818690791
25,57,0.0288071187405778
25,58,0.0320665890688967
25,59,0.0871853971173981
25,60,0.1116907019501349
25,61,0.0494632303930813
25,62,0.0385356088119505
25,63,0.0327049046761661
25,64,0.0348424792396475
25,65,0.0407460276740665
25,66,0.0411843482291397
26,27,0.0193870995994688
26,28,0.0184391214222598
26,29,0.018325800962771
26,30,0.017621036850467
26,31,0.0209697637605086
26,32,0.0275779564496224
26,33,0.0180702285957218
26,34,0.0243608317414101
26,35,0.0245347738322383
26,36,0.0236637247611247
26,37,0.0244829077987239
26,38,0.0226008364508121
26,39,0.023818104975072
26,40,0.0249263105545614
26,41,0.0275337174904916
26,42,0.0294027357244953
26,43,0.0287305943859232
26,44,0.0295315792715883
26,45,0.0268227800213822
26,46,0.0263145379754918
26,47,0.0245434797874474
26,48,0.0230451752525147
26,49,0.0229660685276047
26,50,0.0216299406437747
26,51,0.0262196318450446
26,52,0.0561886811578056
26,53,0.1423308089393908
26,54,0.1798845158393963
26,55,0.1375992495819697
26,56,0.0339446710032562
26,57,0.0247892869584084
26,58,0.0287246646599473
26,59,0.0903017002126252
26,60,0.1149968868474106
26,61,0.0457211982508516
26,62,0.0352084509607644
26,63,0.0291232558761349
26,64,0.0321065836540966
26,65,0.0372464374914685
26,66,0.0411945304337918
27,28,0.0143232719964877
27,29,0.0167433430503776
27,30,0.0147956786607905
27,31,0.0162455025927986
27,32,0.0230087746722299
27,33,0.0153752680075218
27,34,0.0240455843690642
27,35,0.0319666350561065
27,36,0.0257942739199598
27,37,0.023296701150465
27,38,0.0225327645392711
27,39,0.0230328962097593
27,40,0.0241412886420333
27,41,0.0250091618547176
27,42,0.0316384165458806
27,43,0.0282276982044056
27,44,0.0270126943256315
27,45,0.0262593708681534
27,46,0.0248316746018506
27,47,0.0207503021017627
27,48,0.0204296226731581
27,49,0.0212897627802569
27,50,0.0191687700343566
27,51,0.0228001148969688
27,52,0.0671660595859471
27,53,0.1706751398246405
27,54,0.2171202745583694
27,55,0.1607047524184611
27,56,0.0319593630029385
27,57,0.0212976125007251
27,58,0.0261858382481032
27,59,0.0983441598343718
27,60,0.1436840430176553
27,61,0.0443804488836359
27,62,0.0307493446641071
27,63,0.0274995927215528
27,64,0.0303638349317511
27,65,0.0360078448888162
27,66,0.0402862385652246
28,29,0.0142300831057179
28,30,0.0127332763068171
28,31,0.0147691377344748
28,32,0.0211373041864074
28,33,0.0132921222675207
28,34,0.024682666691138
28,35,0.0356633562802232
28,36,0.0315052246194803
28,37,0.0318296638977737
28,38,0.0222611822392923
28,39,0.0218220638436335
28,40,0.0222578825077526
28,41,0.0277788519883855
28,42,0.0381865274950031
28,43,0.0290219682933724
28,44,0.0256543272887125
28,45,0.0230073120022072
28,46,0.0215589366321908
28,47,0.0184701598773743
28,48,0.0191975047230354
28,49,0.0200447065105047
28,50,0.0181922231610285
28,51,0.0213892124921122
28,52,0.0730931910336187
28,53,0.2037855860893279
28,54,0.2520704700773454
28,55,0.1997400838734212
28,56,0.0306294442696816
28,57,0.018640848758435
28,58,0.025218004726508
28,59,0.1146874828842966
28,60,0.1698208713501886
28,61,0.0443445164091259
28,62,0.0313083282602244
28,63,0.0272167433155741
28,64,0.0288368844145404
28,65,0.0362124484194287
28,66,0.0395784691080786
29,30,0.00869757802741
29,31,0.012546401702834
29,32,0.0158582311184922
29,33,0.0131051092879889
29,34,0.0273617943851909
29,35,0.0426377813991318
29,36,0.0420997400764426
29,37,0.0430489027200797
29,38,0.0362180161951772
29,39,0.0258758557460436
29,40,0.0295057666265017
29,41,0.0356305847784663
29,42,0.0503534177089591
29,43,0.0366661961929433
29,44,0.0278965912419243
29,45,0.0232247646176948
29,46,0.0212012489822888
29,47,0.0142566976323232
29,48,0.0178979815803211
29,49,0.0207360207118152
29,50,0.0156184931644817
29,51,0.0194050132263073
29,52,0.0867785035065922
29,53,0.2361497698857445
29,54,0.2922869892312627
29,55,0.2437865778442427
29,56,0.0315028536238977
29,57,0.0159703771338762
29,58,0.0238651697737325
29,59,0.1519741113865865
29,60,0.2053808209540784
29,61,0.0473741737497263
29,62,0.0285913811997652
29,63,0.0254499078269324
29,64,0.0268309793935802
29,65,0.032643195694352
29,66,0.0385651465607495
30,31,0.0153299734995231
30,32,0.014379798236772
30,33,0.0110442731846025
30,34,0.0301770557724291
30,35,0.0582223978333922
30,36,0.0572207313208326
30,37,0.0606673619677159
30,38,0.0432435733263459
30,39,0.0320144438130808
30,40,0.0344265963012117
30,41,0.0484007552011633
30,42,0.0601354744675987
30,43,0.044178680961241
30,44,0.0329600357588774
30,45,0.0243491121222995
30,46,0.0206756681118966
30,47,0.0131815753942217
30,48,0.018183739395772
30,49,0.0204886731640442
30,50,0.0143639605474465
30,51,0.0189725898116323
30,52,0.1045550778229053
30,53,0.2695426173972783
30,54,0.3212665639874852
30,55,0.2800409087103426
30,56,0.0324094609253625
30,57,0.014318799503863
30,58,0.022490325448865
30,59,0.1767341357402598
30,60,0.2420505107268705
30,61,0.0486823080795995
30,62,0.0280059503184202
30,63,0.0250123499241499
30,64,0.0260901637325535
30,65,0.0341189384761744
30,66,0.037792627134278
31,32,0.0078868235519848
31,33,0.0234873574666764
31,34,0.1197180907714789
31,35,0.1504220741159313
31,36,0.0927357546821729
31,37,0.0779791403309254
31,38,0.0560226269479986
31,39,0.038727459292058
31,40,0.040616659879165
31,41,0.0566160043384236
31,42,0.0750369535938185
31,43,0.0514237769428188
31,44,0.0414222633829264
31,45,0.0310092833455449
31,46,0.0230836250603276
31,47,0.0110391972211749
31,48,0.0159742354404882
31,49,0.0237982265082197
31,50,0.013100572434623
31,51,0.0212487141757452
31,52,0.1845259020775694
31,53,0.3355095694963532
31,54,0.3819708682399192
31,55,0.3516173271861434
31,56,0.0469608259722785
31,57,0.0114702016015896
31,58,0.0266719369336696
31,59,0.2817235217580914
31,60,0.3495760171591059
31,61,0.0721294060593984
31,62,0.0284687840591859
31,63,0.0228699599761889
31,64,0.0256265526374822
31,65,0.0312744777862219
31,66,0.0360893875604563
32,33,0.4043716730184872
32,34,0.3184041962837554
32,35,0.2088588851150997
32,36,0.1294094356084151
32,37,0.088514828446387
32,38,0.0536958299972325
32,39,0.0380333129584899
32,40,0.0422050590140975
32,41,0.0607364878419056
32,42,0.0796316701869095
32,43,0.0612999967981505
32,44,0.0472737332849145
32,45,0.037389594689201
32,46,0.027373596266205
32,47,0.0127680947488952
32,48,0.0119168046564622
32,49,0.0425710092942935
32,50,0.0350742058300074
32,51,0.1306334188827597
32,52,0.3495984465455934
32,53,0.457365077859143
32,54,0.4882492647434661
32,55,0.4669457897216685
32,56,0.1904118554034398
32,57,0.012213794666368
32,58,0.1314283923117519
32,59,0.4543817290257959
32,60,0.4937650748226228
32,61,0.3432636637115486
32,62,0.1205253175164821
32,63,0.0234072317413527
32,64,0.020117786137064
32,65,0.0282783278097844
32,66,0.0289497605779753
33,34,0.0640222046969151
33,35,0.0089248065229387
33,36,0.0119483917463628
33,37,0.0175360107189521
33,38,0.0192681487337429
33,39,0.0223570774803164
33,40,0.0205316981009575
33,41,0.0226480957045229
33,42,0.0250171004792196
33,43,0.0247927465765988
33,44,0.0260758475730463
33,45,0.0250021727142827
33,46,0.0256705711373657
33,47,0.0245594651184973
33,48,0.0202036532532137
33,49,0.0209102946665482
33,50,0.0155248436471117
33,51,0.0298618705619624
33,52,0.1408884094564557
33,53,0.2883772371716012
33,54,0.3423926843284756
33,55,0.2827329892584748
33,56,0.0379709933668712
33,57,0.0212114118916769
33,58,0.0276469423579472
33,59,0.2538792400785997
33,60,0.3234772559534349
33,61,0.0678610924935694
33,62,0.027936568542644
33,63,0.0254511729944202
33,64,0.0271162457978003
33,65,0.0334269576231209
33,66,0.0386806145164283
34,35,0.0141886322629267
34,36,0.0214011245392726
34,37,0.0249406161986062
34,38,0.0309489142750356
34,39,0.0340802303354886
34,40,0.0273267479241174
34,41,0.0226048339311637
34,42,0.0227133419679955
34,43,0.0231680227232474
34,44,0.0262528562344254
34,45,0.0275923216356609
34,46,0.0315174639741473
34,47,0.0294570396027695
34,48,0.0247253664265433
34,49,0.0234652556528881
34,50,0.0146614204956072
34,51,0.019459059372568
34,52,0.0863281652676006
34,53,0.2443884038018732
34,54,0.3094093794192993
34,55,0.2365335223275831
34,56,0.030931208970046
34,57,0.0258745792059124
34,58,0.0243371352383153
34,59,0.1539188608344367
34,60,0.2165467150211566
34,61,0.0484522017378904
34,62,0.029859517918922
34,63,0.0279857604083164
34,64,0.0319293728114996
34,65,0.0387668513734992
34,66,0.0434288521515602
35,36,0.0217869481771604
35,37,0.0248499121120672
35,38,0.0313823816292085
35,39,0.0352361221892689
35,40,0.0240490385485064
35,41,0.0175153208102792
35,42,0.0180457876511159
35,43,0.0183765382256526
35,44,0.0216847325563639
35,45,0.0250728574135612
35,46,0.0276038707309522
35,47,0.0227189835386418
35,48,0.0280973284257496
35,49,0.031671720311148
35,50,0.0159518247408022
35,51,0.0170842302189333
35,52,0.0660110442586902
35,53,0.2512835831178491
35,54,0.3332673592727206
35,55,0.2542631378176044
35,56,0.0282801758607826
35,57,0.0229740477674259
35,58,0.0210825007816022
35,59,0.1305574244418217
35,60,0.1821788632691223
35,61,0.0478043477114508
35,62,0.0307051686879482
35,63,0.0278697637417677
35,64,0.0316017454463514
35,65,0.0415331328087544
35,66,0.0471958011270782
36,37,0.0132626462113865
36,38,0.0264559553872087
36,39,0.0305791157404681
36,40,0.016384311837402
36,41,0.0155539914427171
36,42,0.0260919455705455
36,43,0.0189033366520029
36,44,0.0161978841210309
36,45,0.0197369699788515
36,46,0.0214113666155766
36,47,0.0174152759928163
36,48,0.0298630454284037
36,49,0.0401138512492932
36,50,0.0183939172244449
36,51,0.0183859742916312
36,52,0.0601148920652405
36,53,0.2501987665107975
36,54,0.3526894146167959
36,55,0.2777400376321826
36,56,0.024921252644471
36,57,0.0187651630871957
36,58,0.0202751437218754
36,59,0.1262683055187197
36,60,0.1789890556060999
36,61,0.051323379838296
36,62,0.0322004918330209
36,63,0.0285165460859608
36,64,0.0322659458421084
36,65,0.0448184644468201
36,66,0.0489864781530781
37,38,0.0345542273287439
37,39,0.0356056907783675
37,40,0.0129131160630575
37,41,0.0178239481527436
37,42,0.0513215486931791
37,43,0.0263702664706604
37,44,0.0197320066635019
37,45,0.013263797449014
37,46,0.0182028020219923
37,47,0.0139062997462378
37,48,0.0384648696896557
37,49,0.0428524947225247
37,50,0.0203011813081932
37,51,0.0188786710380911
37,52,0.0564684899927303
37,53,0.2539620296314716
37,54,0.3625807627494672
37,55,0.2827808820170584
37,56,0.0270730947478651
37,57,0.0158762722301081
37,58,0.0180708920570081
37,59,0.1271238319920671
37,60,0.1767142560940541
37,61,0.0538977662068176
37,62,0.0348039378222678
37,63,0.0304439374703874
37,64,0.0337198360556351
37,65,0.0452186505355149
37,66,0.0524449945148424
38,39,0.0238471214244834
38,40,0.0078866185007769
38,41,0.0518288041365325
38,42,0.1074355065359777
38,43,0.0368804796914437
38,44,0.0234763245549308
38,45,0.0126052845349645
38,46,0.0137750090670012
38,47,0.0102596635834301
38,48,0.0390530197224682
38,49,0.0440811484748264
38,50,0.026340412236299
38,51,0.0227571352936171
38,52,0.067466290141263
38,53,0.2762530153354053
38,54,0.390957455438117
38,55,0.3104165517795234
38,56,0.0315120305479728
38,57,0.0123457241116515
38,58,0.0208720856155651
38,59,0.1409875279181641
38,60,0.1936112349215861
38,61,0.0611469643869987
38,62,0.0375333908732155
38,63,0.0316584840441838
38,64,0.0344594729750933
38,65,0.0490152225336091
38,66,0.0544194888777581
39,40,0.0850027947160901
39,41,0.1968460425156573
39,42,0.2571302462423844
39,43,0.0649413854075701
39,44,0.0286362000030283
39,45,0.0136533930998905
39,46,0.0088967394502316
39,47,0.0099190866799685
39,48,0.0419639214703045
39,49,0.0451621629476479
39,50,0.030962028601985
39,51,0.0299941254236597
39,52,0.0736511268757585
39,53,0.302251723565405
39,54,0.4257360520468861
39,55,0.3407464286205455
39,56,0.0344880512766579
39,57,0.0107870533565544
39,58,0.0233102752756383
39,59,0.1546552376769305
39,60,0.2132638633003132
39,61,0.0702104725682117
39,62,0.0398356734112436
39,63,0.0327404286660738
39,64,0.0350111810583561
39,65,0.0505174473907246
39,66,0.0552586978604229
40,41,0.2417509037845656
40,42,0.2983573755938382
40,43,0.0396835432599557
40,44,0.0184032254954372
40,45,0.0128621383099458
40,46,0.0124487698365323
40,47,0.0095697062835712
40,48,0.0436823991245896
40,49,0.0454255224228533
40,50,0.0347203431570978
40,51,0.0292188836091207
40,52,0.0689069900369419
40,53,0.2664226783756185
40,54,0.4023721803471728
40,55,0.3176371477742041
40,56,0.0356709740572074
40,57,0.0134455309964524
40,58,0.0250505986754343
40,59,0.1447670944740871
40,60,0.2026389264277515
40,61,0.0708003227311525
40,62,0.0407355812354928
40,63,0.0345954831067303
40,64,0.0375275800032991
40,65,0.0522354436612819
40,66,0.0594405317193544
41,42,0.2542237774118255
41,43,0.0100748797442792
41,44,0.0224522920431085
41,45,0.030428994423045
41,46,0.0338513810275911
41,47,0.0095503291854156
41,48,0.0426675507395258
41,49,0.046516875472727
41,50,0.0335189496585108
41,51,0.0275385742597618
41,52,0.0640909839770269
41,53,0.2243809887056868
41,54,0.3722808395765926
41,55,0.2800351346976945
41,56,0.0349551579583581
41,57,0.0155756702472599
41,58,0.0246914706782062
41,59,0.1367027516867017
41,60,0.19202920013155
41,61,0.0708788025945379
41,62,0.0426127603990497
41,63,0.0380387394251969
41,64,0.0396304436951844
41,65,0.0557093693502144
41,66,0.0634098265569605
42,43,0.143092615786071
42,44,0.2004844611732935
42,45,0.1370125006317406
42,46,0.1208085538986075
42,47,0.0165463435788502
42,48,0.0452064366128901
42,49,0.0448772935463133
42,50,0.033028961121195
42,51,0.0243123517814417
42,52,0.0598186545977873
42,53,0.1810864402698994
42,54,0.3377976700354979
42,55,0.239541398294125
42,56,0.0347574083068447
42,57,0.0189484517018001
42,58,0.0263433702137715
42,59,0.1299231643377528
42,60,0.1855445740825704
42,61,0.0714120614614415
42,62,0.0425529062531329
42,63,0.0391782195292017
42,64,0.0422183460861568
42,65,0.0574809287196681
42,66,0.0662047065894843
43,44,0.149489894207897
43,45,0.0915455306725626
43,46,0.0921864678979703
43,47,0.0120337830926831
43,48,0.0502752460843813
43,49,0.0505844253788239
43,50,0.0377630932250859
43,51,0.0306438584392977
43,52,0.0771686680683192
43,53,0.2771996777080733
43,54,0.4326946440128379
43,55,0.3539835506220774
43,56,0.0393311973247857
43,57,0.017419801467695
43,58,0.0276810319441976
43,59,0.1680363401524428
43,60,0.2250778828547256
43,61,0.079604762426565
43,62,0.0432761648957655
43,63,0.0425010356777603
43,64,0.0422008654591229
43,65,0.05745471743296
43,66,0.067835085970621
44,45,0.0311804372462175
44,46,0.0522647947846359
44,47,0.0112169876880104
44,48,0.0522808951938718
44,49,0.0508203787039142
44,50,0.0381960932857974
44,51,0.0350029931759935
44,52,0.1053263295402739
44,53,0.3777954299105113
44,54,0.500544331767247
44,55,0.4345755269261399
44,56,0.0455641575505193
44,57,0.013785805332102
44,58,0.0311207774154606
44,59,0.2235439121142858
44,60,0.2627255099684018
44,61,0.0920001589599568
44,62,0.0458731388765234
44,63,0.0413017828341845
44,64,0.0414242472103025
44,65,0.0602059880434532
44,66,0.0685605253392989
45,46,0.0596489926536544
45,47,0.0106622252889091
45,48,0.0549935407343711
45,49,0.0533428440406683
45,50,0.0391068463381543
45,51,0.0405987653903654
45,52,0.1314655771225017
45,53,0.4310788489043647
45,54,0.5317636280320208
45,55,0.4780634064057154
45,56,0.0585681138746695
45,57,0.0129336867287334
45,58,0.0345549113997406
45,59,0.2652515482682838
45,60,0.295446970256593
45,61,0.1046502750847436
45,62,0.0492942432414322
45,63,0.0417083668581622
45,64,0.0425529734924164
45,65,0.0595837387449865
45,66,0.06999382457996
46,47,0.0118094207920427
46,48,0.0564563705780977
46,49,0.0592452892359269
46,50,0.0459212599357955
46,51,0.0462056529458136
46,52,0.2251447453080441
46,53,0.5351038735384819
46,54,0.606988117848397
46,55,0.5558137437652516
46,56,0.076895060441962
46,57,0.0117139770242409
46,58,0.0381480695065187
46,59,0.3654029794984587
46,60,0.3774942769712646
46,61,0.1230502865111216
46,62,0.0543463363926188
46,63,0.0412714890797061
46,64,0.041904384547433
46,65,0.0595836561253563
46,66,0.0673208110763506
47,48,0.0430112602793827
47,49,0.0921617702679098
47,50,0.1404369595247763
47,51,0.3698989467237901
47,52,0.5280683289622827
47,53,0.6216196663017143
47,54,0.6410879758728412
47,55,0.609641415030225
47,56,0.23782116961012
47,57,0.0126340762239544
47,58,0.2006740151045039
47,59,0.6125093088199532
47,60,0.6085441913813612
47,61,0.4459262103962103
47,62,0.1864528229713286
47,63,0.0520958106967333
47,64,0.0311980026934197
47,65,0.045314231401062
47,66,0.0403379591795353
48,49,0.0389533471159828
48,50,0.023370585141568
48,51,0.0401772278749552
48,52,0.0480740808958159
48,53,0.0627786604160454
48,54,0.0727077782094011
48,55,0.0742095239906452
48,56,0.0596948710862321
48,57,0.042479375333795
48,58,0.0535758247740626
48,59,0.0945318299609856
48,60,0.1597098259039067
48,61,0.0948311005378605
48,62,0.0685220716857775
48,63,0.0553977757196607
48,64,0.0480193350231041
48,65,0.0760453936690243
48,66,0.0571720953221226
49,50,0.0312611747169712
49,51,0.0383738486661109
49,52,0.0401644035748101
49,53,0.0530830409795591
49,54,0.0659640496505109
49,55,0.0664769555338963
49,56,0.0474888778585459
49,57,0.051822580788488
49,58,0.0425203889184783
49,59,0.0932523660793828
49,60,0.1828174928935696
49,61,0.0864592747859012
49,62,0.0542680494009737
49,63,0.0358998103472421
49,64,0.0290075911803645
49,65,0.0297094913503288
49,66,0.0293025066932809
50,51,0.0194016821084876
50,52,0.1043907897843204
50,53,0.2210735529245852
50,54,0.2562603216306821
50,55,0.2371585328077616
50,56,0.0431172703154735
50,57,0.0325042117282086
50,58,0.0364166249733575
50,59,0.3235879011856013
50,60,0.4289043363547059
50,61,0.1615477314685718
50,62,0.0510601991982355
50,63,0.0249487475183695
50,64,0.0200490564118865
50,65,0.028268809648425
50,66,0.0313920843035738
51,52,0.3342621762515672
51,53,0.4113453237124805
51,54,0.445626406819914
51,55,0.4115806753093006
51,56,0.0457080309329054
51,57,0.0353856935507694
51,58,0.0273824371798409
51,59,0.4613624709047101
51,60,0.4931440117283812
51,61,0.1482907083997522
51,62,0.0373465820060731
51,63,0.0310100726613349
51,64,0.0359751401449033
51,65,0.041073597310605
51,66,0.0478838750096756
52,53,0.4209715772045799
52,54,0.4162202287346078
52,55,0.2901558775775029
52,56,0.0328748355422469
52,57,0.1115942110724238
52,58,0.0400260131313638
52,59,0.2027451094998077
52,60,0.2923986252171778
52,61,0.0638683154203463
52,62,0.0481209141917884
52,63,0.0474174545912859
52,64,0.0476789426015418
52,65,0.0625748917143408
52,66,0.0684730946995055
53,54,0.2879131664361603
53,55,0.0833607752150211
53,56,0.1183626314376017
53,57,0.3026826756772344
53,58,0.1373108355629726
53,59,0.0788537289575158
53,60,0.1470352586904928
53,61,0.0637517595642427
53,62,0.0561772587534316
53,63,0.0571817490797613
53,64,0.0573888319267659
53,65,0.0748572892018818
53,66,0.0828287584193965
54,55,0.0517256184882574
54,56,0.2231153499187121
54,57,0.3934667158171796
54,58,0.2604983442823703
54,59,0.0597857626376407
54,60,0.1099188540202802
54,61,0.0636361874982649
54,62,0.0648862014120196
54,63,0.0649999418447376
54,64,0.0650039190929575
54,65,0.0822385343092865
54,66,0.0903094798758789
55,56,0.2854314199266829
55,57,0.4246883297308667
55,58,0.2819980789558749
55,59,0.0632866626623717
55,60,0.1232909563332333
55,61,0.0617546097379426
55,62,0.062145835763584
55,63,0.066043127807324
55,64,0.065719937382963
55,65,0.083459806358497
55,66,0.0931935561028207
56,57,0.3409587198084746
56,58,0.0462578575032395
56,59,0.4605185673957294
56,60,0.4607378712336513
56,61,0.1070719117967702
56,62,0.0457077793829953
56,63,0.0463906453277553
56,64,0.0568172091061248
56,65,0.0831020221512369
56,66,0.0772862085853199
57,58,0.2431075643878405
57,59,0.6404696911486307
57,60,0.640492489333329
57,61,0.53391971693154
57,62,0.2605923433628077
57,63,0.0605322001148586
57,64,0.0585119607908541
57,65,0.0722811968856026
57,66,0.0604901432848
58,59,0.727444637752723
58,60,0.6372130169904457
58,61,0.2888778037705418
58,62,0.0450045935796157
58,63,0.0409822301330292
58,64,0.0512765113860731
58,65,0.0724370181982488
58,66,0.0651945188006857
59,60,0.2366121690999599
59,61,0.0526403086304051
59,62,0.0657919028702617
59,63,0.068006657902085
59,64,0.0645589657918936
59,65,0.0770447491178978
59,66,0.0818990495278044
60,61,0.2375619014109683
60,62,0.2139135790047281
60,63,0.1645115439385481
60,64,0.0907635095103039
60,65,0.076056923724316
60,66,0.0815326252412732
61,62,0.1244447557550312
61,63,0.089386586874082
61,64,0.0628588328394484
61,65,0.0574240067635477
61,66,0.0626963478970727
62,63,0.0582637218047508
62,64,0.0424430221943267
62,65,0.0503079564479514
62,66,0.0461255986667639
63,64,0.026722719494325
63,65,0.0354285225989526
63,66,0.0339313000414303
64,65,0.0483268132389542
64,66,0.0304408491640716
65,66,0.0246455540859332
